Order_ID,Distance_km,Weather,Traffic_Level,Time_of_Day,Vehicle_Type,Preparation_Time_min,Courier_Experience_yrs,Delivery_Time_min,Delivery_Status,Driver_Score,Delay_Alert,Recommendation
522,7.93,4,1,0,2,12,1.0,43,On Time,6.7,Normal,Standard Route
738,16.42,0,2,1,0,20,2.0,84,Delayed,3.5999999999999996,ALERT,Standard Route
741,9.52,1,1,3,2,28,1.0,59,On Time,5.1,Normal,Standard Route
661,7.44,2,2,0,2,5,1.0,37,Fast,7.3,Normal,Standard Route
412,19.03,0,1,2,0,16,5.0,68,Delayed,8.2,Normal,Standard Route
679,19.4,0,1,1,2,8,9.0,57,On Time,13.3,Normal,Standard Route
627,9.52,0,1,1,0,12,1.0,49,On Time,6.1,Normal,Standard Route
514,17.39,0,2,1,2,5,6.0,46,On Time,11.4,Normal,Standard Route
860,1.78,3,1,1,1,20,6.0,35,Fast,12.5,Normal,Avoid Scooter
137,10.62,1,1,1,2,29,1.0,73,Delayed,3.7,ALERT,Standard Route
812,16.86,3,2,0,1,13,4.0,88,Delayed,5.199999999999999,ALERT,Avoid Scooter
77,15.54,0,1,3,0,29,1.0,76,Delayed,3.4000000000000004,ALERT,Standard Route
637,10.89,0,0,3,0,12,5.0,53,On Time,9.7,Normal,Use Bike
974,4.69,2,2,1,2,12,7.0,36,Fast,13.4,Normal,Standard Route
939,2.8,0,0,2,2,10,7.0,33,Fast,13.7,Normal,Use Bike
900,2.17,3,1,1,1,15,3.0,35,Fast,9.5,Normal,Avoid Scooter
281,17.86,2,1,0,0,5,1.0,50,On Time,6.0,Normal,Standard Route
884,2.53,3,1,2,0,6,8.0,24,Fast,15.6,Normal,Avoid Scooter
762,6.58,1,1,1,1,6,7.0,27,Fast,14.3,Normal,Standard Route
320,5.38,0,2,1,2,26,1.0,47,On Time,6.3,Normal,Standard Route
550,15.56,2,1,0,2,28,0.0,72,Delayed,2.8,ALERT,Standard Route
175,13.08,2,1,2,1,16,4.0,58,On Time,8.2,Normal,Standard Route
372,0.86,0,0,0,0,26,5.0,37,Fast,11.3,Normal,Use Bike
528,5.83,0,0,1,1,27,9.0,56,On Time,13.4,Normal,Use Bike
211,11.2,0,2,2,0,23,9.0,73,Delayed,11.7,ALERT,Standard Route
236,14.59,0,2,2,0,15,6.0,64,Delayed,9.6,Normal,Standard Route
102,12.91,4,2,1,0,11,6.0,56,On Time,10.4,Normal,Standard Route
987,13.92,3,1,2,2,18,4.0,70,Delayed,7.0,Normal,Avoid Scooter
903,4.04,3,1,3,0,11,9.0,70,Delayed,12.0,Normal,Avoid Scooter
948,18.05,0,2,1,2,10,7.0,123,Delayed,4.699999999999999,ALERT,Standard Route
347,12.88,0,2,2,2,8,5.0,52,On Time,9.8,Normal,Standard Route
140,19.45,2,0,2,2,20,6.0,108,Delayed,5.199999999999999,ALERT,Use Bike
622,4.58,0,0,2,2,22,9.0,45,On Time,14.5,Normal,Use Bike
500,19.73,1,2,1,0,27,4.0,111,Delayed,2.9000000000000004,ALERT,Standard Route
371,2.47,4,2,2,0,27,2.0,44,On Time,7.6,Normal,Standard Route
199,17.8,3,2,2,0,16,9.0,73,Delayed,11.7,ALERT,Avoid Scooter
688,5.96,0,2,0,0,22,7.0,45,On Time,12.5,Normal,Standard Route
585,12.85,4,2,0,2,18,7.0,61,Delayed,10.9,Normal,Standard Route
902,1.02,0,2,0,0,25,4.0,34,Fast,10.6,Normal,Standard Route
60,6.84,2,2,3,1,14,8.0,47,On Time,13.3,Normal,Standard Route
329,8.68,2,2,2,0,8,5.0,52,On Time,9.8,Normal,Standard Route
97,10.69,0,2,3,0,25,9.0,67,Delayed,12.3,Normal,Standard Route
313,0.99,0,2,1,0,15,9.0,32,Fast,15.8,Normal,Standard Route
975,1.11,0,1,2,0,5,6.0,8,Fast,15.2,Normal,Standard Route
300,2.16,3,1,1,2,15,0.0,36,Fast,6.4,Normal,Avoid Scooter
278,13.17,4,2,0,0,16,4.0,67,Delayed,7.3,Normal,Standard Route
925,8.79,3,1,3,0,14,6.0,43,On Time,11.7,Normal,Avoid Scooter
602,5.93,0,1,0,2,19,3.0,36,Fast,9.4,Normal,Standard Route
440,2.09,2,1,3,0,23,2.0,36,Fast,8.4,Normal,Standard Route
838,7.57,0,1,2,0,21,0.0,56,On Time,4.4,Normal,Standard Route
571,10.52,2,2,0,2,8,4.0,56,On Time,8.4,Normal,Standard Route
880,4.83,2,1,2,1,25,9.0,47,On Time,14.3,Normal,Standard Route
262,19.81,3,2,0,1,20,5.0,104,Delayed,4.6,ALERT,Avoid Scooter
579,10.1,2,1,1,1,8,4.0,50,On Time,9.0,Normal,Standard Route
24,7.64,4,1,0,1,10,8.0,31,Fast,14.9,Normal,Standard Route
31,12.35,0,1,2,2,10,6.0,35,Fast,12.5,Normal,Standard Route
618,5.9,2,1,1,1,26,9.0,44,On Time,14.6,Normal,Standard Route
11,0.9,0,1,0,0,20,8.0,23,Fast,15.7,Normal,Standard Route
222,11.58,0,2,2,2,16,2.0,61,Delayed,5.9,Normal,Standard Route
821,16.16,0,0,0,0,11,1.0,82,Delayed,2.8000000000000007,ALERT,Use Bike
297,15.51,0,1,1,0,17,9.0,69,Delayed,12.1,Normal,Standard Route
55,12.16,4,0,1,2,11,0.0,69,Delayed,3.0999999999999996,Normal,Use Bike
543,4.96,2,0,2,0,21,0.0,60,On Time,4.0,Normal,Use Bike
210,3.64,4,0,1,0,17,6.0,40,On Time,12.0,Normal,Use Bike
605,2.85,0,1,2,2,26,0.0,38,Fast,6.2,Normal,Standard Route
693,10.4,0,1,1,0,16,4.0,52,On Time,8.8,Normal,Standard Route
663,12.31,4,1,2,0,29,4.0,68,Delayed,7.2,Normal,Standard Route
867,3.53,0,2,0,0,13,7.0,31,Fast,13.9,Normal,Standard Route
71,15.56,0,2,1,0,14,3.0,54,On Time,7.6,Normal,Standard Route
544,13.6,0,2,0,0,27,0.0,87,Delayed,1.3000000000000007,ALERT,Standard Route
108,15.23,3,0,2,0,5,0.0,62,Delayed,3.8,Normal,Use Bike
494,4.17,3,1,1,2,5,1.0,22,Fast,8.8,Normal,Avoid Scooter
591,3.21,2,0,3,2,16,0.0,42,On Time,5.8,Normal,Use Bike
742,6.38,3,1,1,0,16,1.0,111,Delayed,-0.09999999999999964,ALERT,Avoid Scooter
293,16.54,2,1,0,2,6,7.0,51,On Time,11.9,Normal,Standard Route
290,12.02,0,1,2,1,9,7.0,41,On Time,12.9,Normal,Standard Route
653,11.94,0,1,1,0,20,3.0,69,Delayed,6.1,Normal,Standard Route
40,9.08,0,1,0,2,14,5.0,49,On Time,10.1,Normal,Standard Route
590,3.46,3,2,2,2,23,3.0,48,On Time,8.2,Normal,Avoid Scooter
308,6.8,1,2,2,2,13,7.0,46,On Time,12.4,Normal,Standard Route
680,17.38,2,2,0,2,11,2.0,92,Delayed,2.8000000000000007,ALERT,Standard Route
67,3.25,0,1,2,0,23,7.0,32,Fast,13.8,Normal,Standard Route
276,10.28,0,2,1,2,29,3.0,71,Delayed,5.9,ALERT,Standard Route
68,16.14,0,1,3,1,6,9.0,65,Delayed,12.5,Normal,Standard Route
319,3.55,0,2,1,0,23,0.0,43,On Time,5.7,Normal,Standard Route
549,10.65,0,2,0,2,23,8.0,58,On Time,12.2,Normal,Standard Route
999,19.03,0,1,0,1,26,5.0,68,Delayed,8.2,Normal,Standard Route
715,7.3,0,1,3,2,14,7.0,28,Fast,14.2,Normal,Standard Route
754,7.03,0,1,1,2,21,1.0,44,On Time,6.6,Normal,Standard Route
328,12.43,3,1,0,1,12,0.0,70,Delayed,3.0,Normal,Avoid Scooter
383,12.76,4,0,2,2,27,0.0,74,Delayed,2.5999999999999996,ALERT,Use Bike
452,11.39,2,0,1,2,14,1.0,72,Delayed,3.8,ALERT,Use Bike
523,19.41,0,1,2,1,7,3.0,48,On Time,8.2,Normal,Standard Route
219,13.17,2,0,1,2,17,8.0,69,Delayed,11.1,Normal,Use Bike
788,8.32,2,1,0,1,12,2.0,49,On Time,7.1,Normal,Standard Route
437,1.92,0,1,0,0,8,7.0,14,Fast,15.6,Normal,Standard Route
765,1.15,0,1,0,2,26,4.0,30,Fast,11.0,Normal,Standard Route
89,17.8,4,0,0,1,12,9.0,73,Delayed,11.7,ALERT,Use Bike
64,7.46,0,2,1,0,8,5.0,42,On Time,10.8,Normal,Standard Route
827,7.25,0,2,0,2,18,4.0,45,On Time,9.5,Normal,Standard Route
717,16.7,0,2,0,2,28,1.0,76,Delayed,3.4000000000000004,ALERT,Standard Route
352,17.2,2,0,0,2,14,2.0,94,Delayed,2.5999999999999996,ALERT,Use Bike
937,0.86,0,2,0,1,21,7.0,28,Fast,14.2,Normal,Standard Route
257,18.76,0,2,1,1,15,2.0,80,Delayed,4.0,ALERT,Standard Route
636,9.22,0,2,0,1,18,9.0,57,On Time,13.3,Normal,Standard Route
645,2.84,0,1,1,2,24,2.0,35,Fast,8.5,Normal,Standard Route
555,17.59,0,1,2,0,24,6.0,69,Delayed,9.1,Normal,Standard Route
960,14.89,3,0,2,2,17,6.0,87,Delayed,7.300000000000001,ALERT,Use Bike
169,1.3,0,2,1,0,22,4.0,31,Fast,10.9,Normal,Standard Route
918,18.99,2,0,0,0,10,6.0,70,Delayed,9.0,Normal,Use Bike
529,1.6,1,1,3,2,24,6.0,37,Fast,12.3,Normal,Standard Route
824,8.26,3,1,0,0,15,1.0,57,On Time,5.3,Normal,Avoid Scooter
986,10.16,0,0,3,0,12,5.0,52,On Time,9.8,Normal,Use Bike
817,12.03,0,2,3,1,20,5.0,65,Delayed,8.5,Normal,Standard Route
87,14.73,2,1,0,0,24,6.0,74,Delayed,8.6,ALERT,Standard Route
433,12.56,0,0,1,0,17,5.0,69,Delayed,8.1,Normal,Use Bike
185,5.53,0,2,0,0,19,1.0,44,On Time,6.6,Normal,Standard Route
979,10.18,1,2,2,0,25,3.0,73,Delayed,5.7,ALERT,Standard Route
535,15.5,0,2,2,2,28,9.0,91,Delayed,9.9,ALERT,Standard Route
295,2.98,1,2,3,0,11,2.0,27,Fast,9.3,Normal,Standard Route
893,16.69,1,2,1,2,8,2.0,65,Delayed,5.5,Normal,Standard Route
426,11.22,4,0,1,0,25,5.0,79,Delayed,7.1,ALERT,Use Bike
714,8.53,0,1,1,2,8,2.0,41,On Time,7.9,Normal,Standard Route
261,12.49,0,2,2,0,25,4.0,77,Delayed,6.3,ALERT,Standard Route
238,0.97,0,1,3,2,24,8.0,26,Fast,15.4,Normal,Standard Route
560,12.6,4,2,0,1,8,6.0,58,On Time,10.2,Normal,Standard Route
584,6.91,0,2,1,2,28,9.0,56,On Time,13.4,Normal,Standard Route
446,18.97,0,1,1,1,25,4.0,141,Delayed,-0.09999999999999964,ALERT,Standard Route
868,4.05,0,2,1,0,20,4.0,44,On Time,9.6,Normal,Standard Route
801,14.29,4,2,2,0,14,7.0,78,Delayed,9.2,ALERT,Standard Route
600,1.3,1,1,1,0,19,5.0,29,Fast,12.1,Normal,Standard Route
850,12.11,2,1,2,0,9,5.0,59,On Time,9.1,Normal,Standard Route
266,14.94,0,2,2,0,11,0.0,62,Delayed,3.8,Normal,Standard Route
996,2.29,2,0,0,1,8,8.0,80,Delayed,10.0,ALERT,Use Bike
530,17.36,2,0,0,0,24,1.0,105,Delayed,0.5,ALERT,Use Bike
56,18.48,0,2,3,0,8,0.0,82,Delayed,1.8000000000000007,ALERT,Standard Route
121,16.25,1,0,2,0,10,5.0,91,Delayed,5.9,ALERT,Use Bike
216,5.13,0,1,2,1,15,4.0,30,Fast,11.0,Normal,Standard Route
26,15.81,0,1,2,1,25,1.0,92,Delayed,1.8000000000000007,ALERT,Standard Route
73,0.61,0,1,0,2,10,0.0,16,Fast,8.4,Normal,Standard Route
45,5.55,1,0,1,0,18,1.0,116,Delayed,-0.5999999999999996,ALERT,Use Bike
248,19.35,0,0,1,0,12,7.0,75,Delayed,9.5,ALERT,Use Bike
722,4.03,0,2,1,0,9,5.0,25,Fast,12.5,Normal,Standard Route
282,7.09,3,1,2,2,13,8.0,37,Fast,14.3,Normal,Avoid Scooter
894,8.25,0,2,0,0,7,9.0,28,Fast,16.2,Normal,Standard Route
915,11.26,0,1,3,0,5,6.0,49,On Time,11.1,Normal,Standard Route
811,19.7,2,1,1,0,10,2.0,60,On Time,6.0,Normal,Standard Route
245,0.8,3,0,1,0,14,9.0,36,Fast,15.4,Normal,Use Bike
823,7.0,2,2,1,0,17,9.0,49,On Time,14.1,Normal,Standard Route
322,14.43,0,2,2,1,14,4.0,113,Delayed,2.6999999999999993,ALERT,Standard Route
644,6.89,2,2,0,0,11,6.0,43,On Time,11.7,Normal,Standard Route
159,5.13,1,2,1,1,25,1.0,60,On Time,5.0,Normal,Standard Route
978,1.5,0,1,0,0,10,1.0,17,Fast,9.3,Normal,Standard Route
430,2.78,0,0,0,2,9,0.0,41,On Time,5.9,Normal,Use Bike
942,11.31,0,2,1,0,7,0.0,54,On Time,4.6,Normal,Standard Route
463,15.05,0,2,1,1,12,2.0,66,Delayed,5.4,Normal,Standard Route
310,5.78,1,1,0,2,9,9.0,33,Fast,15.7,Normal,Standard Route
698,11.83,0,1,1,2,9,7.0,32,Fast,13.8,Normal,Standard Route
61,8.08,1,1,2,0,25,2.0,61,Delayed,5.9,Normal,Standard Route
885,16.1,0,1,1,0,25,0.0,64,Delayed,3.5999999999999996,Normal,Standard Route
596,9.74,2,2,1,2,7,8.0,37,Fast,14.3,Normal,Standard Route
768,17.6,0,1,0,0,27,3.0,69,Delayed,6.1,Normal,Standard Route
650,10.22,3,2,3,0,18,1.0,68,Delayed,4.2,Normal,Avoid Scooter
651,2.19,0,1,1,0,26,3.0,32,Fast,9.8,Normal,Standard Route
866,11.41,4,2,0,2,17,4.0,68,Delayed,7.2,Normal,Standard Route
669,4.14,0,2,2,2,14,2.0,30,Fast,9.0,Normal,Standard Route
299,12.65,2,1,0,0,18,8.0,60,On Time,12.0,Normal,Standard Route
690,4.15,2,2,2,1,17,8.0,46,On Time,13.4,Normal,Standard Route
315,16.8,2,0,2,1,19,4.0,85,Delayed,5.5,ALERT,Use Bike
311,9.06,0,2,1,0,23,4.0,47,On Time,9.3,Normal,Standard Route
362,13.04,0,2,2,2,20,6.0,65,Delayed,9.5,Normal,Standard Route
480,10.7,0,2,0,2,8,5.0,44,On Time,10.6,Normal,Standard Route
111,6.15,1,1,1,2,26,5.0,48,On Time,10.2,Normal,Standard Route
990,16.47,3,0,1,2,20,9.0,75,Delayed,11.5,ALERT,Use Bike
487,1.39,0,2,0,0,15,4.0,24,Fast,11.6,Normal,Standard Route
364,11.14,2,2,2,2,7,3.0,47,On Time,8.3,Normal,Standard Route
255,3.81,2,0,0,0,5,6.0,31,Fast,12.9,Normal,Use Bike
260,2.39,2,2,1,0,27,7.0,43,On Time,12.7,Normal,Standard Route
803,11.74,0,0,1,1,6,3.0,54,On Time,7.6,Normal,Use Bike
678,8.26,0,1,1,1,21,4.0,80,Delayed,6.0,ALERT,Standard Route
495,9.54,2,2,1,2,11,5.0,47,On Time,10.3,Normal,Standard Route
671,3.88,0,2,2,0,16,2.0,35,Fast,8.5,Normal,Standard Route
378,0.95,2,2,2,1,27,0.0,44,On Time,5.6,Normal,Standard Route
527,8.59,0,1,3,2,17,8.0,36,Fast,14.4,Normal,Standard Route
846,8.59,0,1,1,0,22,2.0,43,On Time,7.7,Normal,Standard Route
138,14.21,0,2,1,0,24,2.0,58,On Time,6.2,Normal,Standard Route
356,13.03,1,1,2,2,9,1.0,50,On Time,6.0,Normal,Standard Route
366,8.03,0,1,1,2,14,8.0,42,On Time,13.8,Normal,Standard Route
943,13.2,3,1,2,1,14,3.0,62,Delayed,6.8,Normal,Avoid Scooter
750,12.67,0,2,1,1,10,3.0,65,Delayed,6.5,Normal,Standard Route
949,17.54,0,2,2,1,16,8.0,54,On Time,12.6,Normal,Standard Route
830,9.32,0,1,2,2,6,5.0,30,Fast,12.0,Normal,Standard Route
657,6.03,2,0,0,1,8,6.0,46,On Time,11.4,Normal,Use Bike
200,15.71,0,1,0,2,28,5.0,69,Delayed,8.1,Normal,Standard Route
214,4.87,3,0,1,0,16,7.0,54,On Time,11.6,Normal,Use Bike
409,18.15,2,0,2,0,22,7.0,108,Delayed,6.199999999999999,ALERT,Use Bike
333,0.78,0,2,2,0,6,1.0,17,Fast,9.3,Normal,Standard Route
209,0.6,0,1,0,0,26,3.0,30,Fast,10.0,Normal,Standard Route
614,2.09,0,2,1,0,5,5.0,16,Fast,13.4,Normal,Standard Route
79,7.49,0,2,2,2,13,9.0,45,On Time,14.5,Normal,Standard Route
30,1.41,1,2,1,0,15,0.0,72,Delayed,2.8,ALERT,Standard Route
536,18.92,0,0,2,2,27,4.0,100,Delayed,4.0,ALERT,Use Bike
696,12.41,0,2,2,1,10,1.0,51,On Time,5.9,Normal,Standard Route
558,1.06,0,1,0,2,19,6.0,21,Fast,13.9,Normal,Standard Route
837,18.34,0,0,3,0,9,4.0,92,Delayed,4.800000000000001,ALERT,Use Bike
597,13.52,0,1,2,2,27,1.0,82,Delayed,2.8000000000000007,ALERT,Standard Route
166,16.79,1,0,0,0,24,6.0,85,Delayed,7.5,ALERT,Use Bike
919,15.39,0,2,1,2,24,5.0,89,Delayed,6.1,ALERT,Standard Route
496,7.39,2,2,2,2,25,6.0,60,On Time,10.0,Normal,Standard Route
825,10.98,2,1,2,2,10,6.0,55,On Time,10.5,Normal,Standard Route
66,11.08,3,2,2,0,9,0.0,57,On Time,4.3,Normal,Avoid Scooter
142,5.41,0,2,3,0,14,5.0,36,Fast,11.4,Normal,Standard Route
926,0.94,0,0,2,0,9,6.0,21,Fast,13.9,Normal,Use Bike
828,7.27,4,1,0,0,10,5.0,35,Fast,11.5,Normal,Standard Route
656,2.99,4,2,2,0,27,5.0,41,On Time,10.9,Normal,Standard Route
332,15.28,3,1,1,0,16,5.0,72,Delayed,7.8,ALERT,Avoid Scooter
665,2.48,4,2,0,1,14,6.0,27,Fast,13.3,Normal,Standard Route
250,17.13,2,1,1,1,19,1.0,71,Delayed,3.9000000000000004,ALERT,Standard Route
908,7.17,0,1,0,0,15,7.0,32,Fast,13.8,Normal,Standard Route
709,5.47,2,1,2,1,21,6.0,38,Fast,12.2,Normal,Standard Route
306,19.53,1,1,0,0,11,6.0,87,Delayed,7.300000000000001,ALERT,Standard Route
735,7.5,0,0,2,0,29,1.0,66,Delayed,4.4,Normal,Use Bike
976,5.61,4,1,3,0,25,9.0,48,On Time,14.2,Normal,Standard Route
50,4.1,0,1,2,0,21,3.0,37,Fast,9.3,Normal,Standard Route
897,6.22,2,2,2,0,15,0.0,49,On Time,5.1,Normal,Standard Route
3,14.77,2,0,2,2,11,6.0,67,Delayed,9.3,Normal,Use Bike
545,12.55,4,1,1,0,13,8.0,51,On Time,12.9,Normal,Standard Route
351,10.31,1,2,2,2,19,5.0,62,Delayed,8.8,Normal,Standard Route
905,8.72,3,2,1,1,18,7.0,64,Delayed,10.6,Normal,Avoid Scooter
537,17.07,0,2,2,0,20,6.0,73,Delayed,8.7,ALERT,Standard Route
345,8.27,0,0,0,2,13,5.0,58,On Time,9.2,Normal,Use Bike
995,7.54,3,1,0,0,20,5.0,55,On Time,9.5,Normal,Avoid Scooter
482,14.07,0,0,0,0,5,8.0,67,Delayed,11.3,Normal,Use Bike
576,19.02,0,2,0,0,29,9.0,87,Delayed,10.3,ALERT,Standard Route
34,19.0,0,0,2,1,28,3.0,96,Delayed,3.4000000000000004,ALERT,Use Bike
32,3.83,2,2,0,0,12,9.0,30,Fast,16.0,Normal,Standard Route
232,10.3,0,1,1,2,19,8.0,48,On Time,13.2,Normal,Standard Route
964,8.09,0,0,0,2,15,4.0,51,On Time,8.9,Normal,Use Bike
193,18.06,0,2,3,0,9,8.0,52,On Time,12.8,Normal,Standard Route
334,2.76,4,2,2,2,8,5.0,22,Fast,12.8,Normal,Standard Route
4,12.17,3,1,1,0,20,8.0,68,Delayed,11.2,Normal,Avoid Scooter
205,12.33,0,2,1,0,22,9.0,75,Delayed,11.5,ALERT,Standard Route
515,1.38,0,2,1,2,5,8.0,13,Fast,16.7,Normal,Standard Route
800,18.49,0,1,0,2,14,6.0,71,Delayed,8.9,ALERT,Standard Route
307,10.57,3,1,0,0,28,9.0,59,On Time,13.1,Normal,Avoid Scooter
110,2.0,0,0,1,2,10,2.0,30,Fast,9.0,Normal,Use Bike
431,3.29,0,2,0,2,17,4.0,32,Fast,10.8,Normal,Standard Route
78,1.94,2,2,2,0,16,0.0,35,Fast,6.5,Normal,Standard Route
85,6.56,4,2,2,0,14,1.0,47,On Time,6.3,Normal,Standard Route
287,9.58,0,0,0,1,26,8.0,60,On Time,12.0,Normal,Use Bike
83,6.95,0,2,2,2,25,2.0,58,On Time,6.2,Normal,Standard Route
992,14.05,0,0,2,2,19,0.0,72,Delayed,2.8,ALERT,Use Bike
790,18.97,2,0,3,0,20,8.0,108,Delayed,7.199999999999999,ALERT,Use Bike
895,13.53,2,1,1,0,28,8.0,78,Delayed,10.2,ALERT,Standard Route
399,15.14,2,2,2,0,8,6.0,66,Delayed,9.4,Normal,Standard Route
324,5.96,0,1,0,0,26,6.0,48,On Time,11.2,Normal,Standard Route
520,3.43,4,2,2,0,7,6.0,23,Fast,13.7,Normal,Standard Route
917,6.24,4,2,1,0,15,3.0,52,On Time,7.8,Normal,Standard Route
923,17.94,2,0,1,2,22,6.0,85,Delayed,7.5,ALERT,Use Bike
6,3.54,2,2,1,0,10,5.0,32,Fast,11.8,Normal,Standard Route
732,16.38,2,2,3,0,7,5.0,90,Delayed,6.0,ALERT,Standard Route
466,7.81,0,1,1,0,11,4.0,42,On Time,9.8,Normal,Standard Route
98,8.84,0,1,2,0,26,0.0,57,On Time,4.3,Normal,Standard Route
267,14.09,0,2,0,2,12,3.0,55,On Time,7.5,Normal,Standard Route
358,11.92,0,1,0,2,14,4.0,46,On Time,9.4,Normal,Standard Route
869,17.3,0,1,1,2,9,0.0,67,Delayed,3.3,Normal,Standard Route
799,14.08,0,0,2,0,28,6.0,66,Delayed,9.4,Normal,Use Bike
381,2.8,0,0,0,0,28,1.0,50,On Time,6.0,Normal,Use Bike
632,17.96,0,2,0,0,22,2.0,76,Delayed,4.4,ALERT,Standard Route
382,14.09,0,0,0,0,12,6.0,67,Delayed,9.3,Normal,Use Bike
491,9.39,0,1,2,0,14,2.0,37,Fast,8.3,Normal,Standard Route
119,17.9,0,1,2,0,23,2.0,85,Delayed,3.5,ALERT,Standard Route
901,4.55,2,1,0,0,5,6.0,21,Fast,13.9,Normal,Standard Route
251,6.24,3,1,0,0,20,4.0,51,On Time,8.9,Normal,Avoid Scooter
524,16.92,0,1,2,2,29,0.0,70,Delayed,3.0,Normal,Standard Route
10,14.31,0,2,2,0,9,8.0,47,On Time,13.3,Normal,Standard Route
197,14.66,4,2,2,0,20,2.0,77,Delayed,4.3,ALERT,Standard Route
604,2.23,0,1,2,0,7,6.0,14,Fast,14.6,Normal,Standard Route
82,12.65,0,1,1,0,15,4.0,66,Delayed,7.4,Normal,Standard Route
784,7.24,2,2,1,0,28,6.0,65,Delayed,9.5,Normal,Standard Route
588,3.01,0,2,1,0,14,4.0,26,Fast,11.4,Normal,Standard Route
798,11.52,0,2,2,2,25,2.0,58,On Time,6.2,Normal,Standard Route
240,3.95,0,1,0,0,13,5.0,25,Fast,12.5,Normal,Standard Route
291,1.09,0,2,2,2,6,2.0,17,Fast,10.3,Normal,Standard Route
212,13.99,0,0,1,2,7,3.0,96,Delayed,3.4000000000000004,ALERT,Use Bike
718,19.32,2,0,2,1,21,7.0,112,Delayed,5.800000000000001,ALERT,Use Bike
360,11.72,2,1,1,0,11,9.0,42,On Time,14.8,Normal,Standard Route
450,2.13,2,1,2,2,9,2.0,22,Fast,9.8,Normal,Standard Route
228,8.17,0,2,0,2,20,9.0,44,On Time,14.6,Normal,Standard Route
951,12.21,0,0,2,0,9,4.0,57,On Time,8.3,Normal,Use Bike
947,3.17,0,2,1,2,17,6.0,33,Fast,12.7,Normal,Standard Route
797,18.68,3,1,0,0,11,8.0,62,Delayed,11.8,Normal,Avoid Scooter
502,10.95,0,2,1,2,24,4.0,55,On Time,8.5,Normal,Standard Route
465,19.26,4,2,2,2,21,6.0,67,Delayed,9.3,Normal,Standard Route
363,9.44,2,2,1,2,28,8.0,63,Delayed,11.7,Normal,Standard Route
469,4.86,1,2,1,1,25,4.0,52,On Time,8.8,Normal,Standard Route
936,5.81,1,1,0,0,25,8.0,51,On Time,12.9,Normal,Standard Route
429,7.34,2,1,1,0,22,8.0,47,On Time,13.3,Normal,Standard Route
8,17.39,1,2,2,0,25,4.0,100,Delayed,4.0,ALERT,Standard Route
156,5.22,3,1,1,0,11,9.0,40,On Time,15.0,Normal,Avoid Scooter
542,12.32,0,2,1,2,17,4.0,71,Delayed,6.9,ALERT,Standard Route
441,2.15,4,2,0,1,17,6.0,30,Fast,13.0,Normal,Standard Route
483,9.36,2,0,2,2,17,2.0,65,Delayed,5.5,Normal,Use Bike
423,2.28,0,2,1,2,27,9.0,39,Fast,15.1,Normal,Standard Route
779,14.54,0,2,1,0,29,2.0,73,Delayed,4.7,ALERT,Standard Route
950,12.15,0,0,2,1,12,6.0,63,Delayed,9.7,Normal,Use Bike
335,1.4,4,1,1,0,9,9.0,17,Fast,17.3,Normal,Standard Route
577,3.37,0,0,2,0,9,9.0,28,Fast,16.2,Normal,Use Bike
935,3.85,2,2,0,0,26,3.0,46,On Time,8.4,Normal,Standard Route
568,9.03,0,1,0,0,11,5.0,43,On Time,10.7,Normal,Standard Route
595,17.99,3,1,0,0,15,3.0,63,Delayed,6.7,Normal,Avoid Scooter
531,16.35,0,2,2,0,16,0.0,66,Delayed,3.4000000000000004,Normal,Standard Route
582,19.61,0,0,1,0,8,6.0,72,Delayed,8.8,ALERT,Use Bike
708,16.29,0,1,2,0,20,1.0,72,Delayed,3.8,ALERT,Standard Route
449,7.84,4,1,0,0,6,4.0,28,Fast,11.2,Normal,Standard Route
454,18.17,2,1,0,1,13,0.0,71,Delayed,2.9000000000000004,ALERT,Standard Route
229,17.89,4,1,0,0,27,1.0,101,Delayed,0.9000000000000004,ALERT,Standard Route
353,13.34,0,2,3,0,20,6.0,53,On Time,10.7,Normal,Standard Route
729,4.43,1,1,2,2,10,1.0,63,Delayed,4.7,Normal,Standard Route
213,13.21,0,1,2,2,12,4.0,63,Delayed,7.7,Normal,Standard Route
80,2.76,4,2,3,0,6,2.0,27,Fast,9.3,Normal,Standard Route
149,1.5,1,2,1,2,15,4.0,32,Fast,10.8,Normal,Standard Route
303,11.04,0,2,0,2,8,2.0,54,On Time,6.6,Normal,Standard Route
629,1.22,0,2,1,2,6,2.0,14,Fast,10.6,Normal,Standard Route
778,14.58,0,1,0,0,13,2.0,57,On Time,6.3,Normal,Standard Route
507,18.26,2,0,3,2,28,7.0,93,Delayed,7.699999999999999,ALERT,Use Bike
343,3.88,1,1,1,1,27,9.0,42,On Time,14.8,Normal,Standard Route
486,18.07,0,0,0,2,5,2.0,67,Delayed,5.3,Normal,Use Bike
712,12.11,0,2,1,0,28,0.0,75,Delayed,2.5,ALERT,Standard Route
134,7.08,0,2,0,2,5,8.0,27,Fast,15.3,Normal,Standard Route
704,3.12,2,1,1,2,14,5.0,28,Fast,12.2,Normal,Standard Route
312,2.03,1,0,1,1,14,4.0,36,Fast,10.4,Normal,Use Bike
723,1.8,0,0,3,0,14,1.0,28,Fast,8.2,Normal,Use Bike
630,5.42,0,1,1,2,11,9.0,26,Fast,16.4,Normal,Standard Route
1,7.8,0,1,1,2,23,5.0,52,On Time,9.8,Normal,Standard Route
317,8.47,2,1,0,2,19,0.0,48,On Time,5.2,Normal,Standard Route
707,6.79,2,1,1,2,16,1.0,39,Fast,7.1,Normal,Standard Route
548,13.6,2,2,0,2,23,6.0,83,Delayed,7.699999999999999,ALERT,Standard Route
873,13.06,2,0,2,0,17,8.0,59,On Time,12.1,Normal,Use Bike
533,19.93,3,1,0,0,6,6.0,59,On Time,10.1,Normal,Avoid Scooter
478,11.3,3,2,0,0,15,8.0,70,Delayed,11.0,Normal,Avoid Scooter
405,6.74,2,2,1,1,21,9.0,47,On Time,14.3,Normal,Standard Route
173,10.49,2,1,2,0,28,9.0,66,Delayed,12.4,Normal,Standard Route
126,8.83,2,2,1,2,12,3.0,109,Delayed,2.0999999999999996,ALERT,Standard Route
395,7.15,0,0,3,1,29,7.0,60,On Time,11.0,Normal,Use Bike
421,15.94,0,1,1,0,24,2.0,77,Delayed,4.3,ALERT,Standard Route
553,11.26,1,0,0,0,14,2.0,70,Delayed,5.0,Normal,Use Bike
904,11.87,0,2,2,0,10,6.0,43,On Time,11.7,Normal,Standard Route
91,2.83,4,2,0,2,14,6.0,28,Fast,13.2,Normal,Standard Route
940,11.74,0,1,0,1,20,1.0,52,On Time,5.8,Normal,Standard Route
182,2.71,0,1,2,2,6,1.0,20,Fast,9.0,Normal,Standard Route
275,10.47,0,0,1,2,14,7.0,55,On Time,11.5,Normal,Use Bike
896,4.5,3,0,1,0,24,0.0,66,Delayed,3.4000000000000004,Normal,Use Bike
70,19.74,3,1,1,1,21,7.0,71,Delayed,9.9,ALERT,Avoid Scooter
292,1.23,0,1,1,0,18,6.0,21,Fast,13.9,Normal,Standard Route
132,4.83,0,1,1,0,11,1.0,29,Fast,8.1,Normal,Standard Route
301,1.51,0,0,0,0,14,2.0,32,Fast,8.8,Normal,Use Bike
425,1.62,4,1,1,0,9,8.0,16,Fast,16.4,Normal,Standard Route
327,11.31,0,0,1,0,20,0.0,67,Delayed,3.3,Normal,Use Bike
145,6.05,0,2,2,1,24,0.0,48,On Time,5.2,Normal,Standard Route
424,10.14,0,2,2,2,20,1.0,59,On Time,5.1,Normal,Standard Route
581,9.45,0,1,0,1,13,0.0,49,On Time,5.1,Normal,Standard Route
136,6.8,0,0,1,0,28,5.0,55,On Time,9.5,Normal,Use Bike
451,15.65,0,1,0,0,27,0.0,76,Delayed,2.4000000000000004,ALERT,Standard Route
165,2.26,0,2,2,2,6,3.0,19,Fast,11.1,Normal,Standard Route
29,12.05,0,1,1,2,29,4.0,61,Delayed,7.9,Normal,Standard Route
774,8.25,4,2,1,1,24,4.0,62,Delayed,7.8,Normal,Standard Route
194,12.85,2,2,0,2,23,0.0,80,Delayed,2.0,ALERT,Standard Route
389,15.14,4,2,2,0,15,4.0,71,Delayed,6.9,ALERT,Standard Route
853,4.59,1,1,1,2,19,8.0,36,Fast,14.4,Normal,Standard Route
170,12.02,0,1,0,0,26,0.0,63,Delayed,3.7,Normal,Standard Route
706,19.8,0,0,1,0,7,3.0,88,Delayed,4.199999999999999,ALERT,Use Bike
141,19.27,1,0,0,0,14,6.0,92,Delayed,6.800000000000001,ALERT,Use Bike
174,4.92,0,0,2,2,12,0.0,41,On Time,5.9,Normal,Use Bike
7,1.63,2,2,3,0,24,5.0,38,Fast,11.2,Normal,Standard Route
746,18.04,0,2,2,0,8,5.0,71,Delayed,7.9,ALERT,Standard Route
479,19.4,3,2,0,2,23,9.0,92,Delayed,9.8,ALERT,Avoid Scooter
74,16.4,0,0,2,2,12,2.0,70,Delayed,5.0,Normal,Use Bike
911,12.01,0,1,2,1,5,7.0,42,On Time,12.8,Normal,Standard Route
814,18.46,0,1,2,2,29,1.0,153,Delayed,-4.300000000000001,ALERT,Standard Route
239,13.09,4,1,2,2,17,1.0,69,Delayed,4.1,Normal,Standard Route
146,1.22,1,0,0,2,14,2.0,38,Fast,8.2,Normal,Use Bike
793,10.36,2,2,0,0,7,8.0,39,Fast,14.1,Normal,Standard Route
235,4.31,2,2,0,0,9,2.0,35,Fast,8.5,Normal,Standard Route
221,13.32,4,2,0,0,26,0.0,71,Delayed,2.9000000000000004,ALERT,Standard Route
924,16.1,0,1,2,1,16,6.0,61,Delayed,9.9,Normal,Standard Route
501,14.11,2,0,2,2,24,3.0,93,Delayed,3.6999999999999993,ALERT,Use Bike
133,2.84,0,2,3,2,28,1.0,44,On Time,6.6,Normal,Standard Route
991,16.09,3,1,2,1,13,6.0,69,Delayed,9.1,Normal,Avoid Scooter
775,16.05,3,2,1,0,11,2.0,89,Delayed,3.0999999999999996,ALERT,Avoid Scooter
186,13.37,4,0,0,2,17,8.0,63,Delayed,11.7,Normal,Use Bike
42,10.16,3,2,3,0,10,1.0,67,Delayed,4.3,Normal,Avoid Scooter
697,6.13,0,2,3,2,22,0.0,48,On Time,5.2,Normal,Standard Route
109,4.96,2,1,0,1,10,7.0,28,Fast,14.2,Normal,Standard Route
589,3.0,0,1,2,2,29,1.0,43,On Time,6.7,Normal,Standard Route
57,2.23,3,2,1,1,14,0.0,41,On Time,5.9,Normal,Avoid Scooter
406,17.96,0,2,1,2,26,0.0,74,Delayed,2.5999999999999996,ALERT,Standard Route
443,7.8,2,2,2,0,11,7.0,49,On Time,12.1,Normal,Standard Route
758,10.9,0,0,0,2,6,8.0,47,On Time,13.3,Normal,Use Bike
998,3.17,0,1,0,0,17,1.0,28,Fast,8.2,Normal,Standard Route
25,9.39,4,2,2,2,21,9.0,50,On Time,14.0,Normal,Standard Route
468,17.44,0,1,1,0,25,9.0,89,Delayed,10.1,ALERT,Standard Route
540,3.02,2,2,2,0,23,1.0,46,On Time,6.4,Normal,Standard Route
532,19.99,2,0,1,0,17,1.0,112,Delayed,-0.1999999999999993,ALERT,Use Bike
619,16.22,2,0,1,0,22,0.0,102,Delayed,-0.1999999999999993,ALERT,Use Bike
695,2.74,0,0,0,0,18,9.0,37,Fast,15.3,Normal,Use Bike
927,5.74,2,0,1,0,13,9.0,46,On Time,14.4,Normal,Use Bike
339,9.75,0,1,0,0,22,7.0,50,On Time,12.0,Normal,Standard Route
52,15.62,2,2,0,2,23,7.0,78,Delayed,9.2,ALERT,Standard Route
508,16.54,2,2,0,0,25,7.0,77,Delayed,9.3,ALERT,Standard Route
517,7.84,2,1,2,2,7,8.0,36,Fast,14.4,Normal,Standard Route
921,17.44,2,1,3,1,23,0.0,85,Delayed,1.5,ALERT,Standard Route
782,11.08,4,0,0,0,16,6.0,70,Delayed,9.0,Normal,Use Bike
265,17.61,0,2,1,2,21,9.0,79,Delayed,11.1,ALERT,Standard Route
818,8.28,3,1,1,1,29,7.0,58,On Time,11.2,Normal,Avoid Scooter
711,15.32,0,2,2,0,17,6.0,80,Delayed,8.0,ALERT,Standard Route
683,3.83,2,1,1,1,27,3.0,49,On Time,8.1,Normal,Standard Route
833,3.25,2,1,1,2,29,0.0,51,On Time,4.9,Normal,Standard Route
519,19.75,0,2,2,0,25,1.0,103,Delayed,0.6999999999999993,ALERT,Standard Route
448,15.19,1,1,1,2,6,4.0,53,On Time,8.7,Normal,Standard Route
19,8.92,4,1,2,0,25,4.0,62,Delayed,7.8,Normal,Standard Route
716,18.63,4,1,0,0,11,5.0,85,Delayed,6.5,ALERT,Standard Route
484,12.74,0,1,3,2,18,0.0,67,Delayed,3.3,Normal,Standard Route
569,18.13,2,0,1,0,21,2.0,88,Delayed,3.1999999999999993,ALERT,Use Bike
434,2.47,2,1,0,1,22,6.0,34,Fast,12.6,Normal,Standard Route
368,18.15,4,2,2,0,11,2.0,89,Delayed,3.0999999999999996,ALERT,Standard Route
84,1.74,1,0,0,2,8,9.0,28,Fast,16.2,Normal,Use Bike
62,5.79,4,2,2,0,26,6.0,49,On Time,11.1,Normal,Standard Route
639,5.75,4,0,2,2,7,4.0,37,Fast,10.3,Normal,Use Bike
273,17.41,3,2,1,0,20,4.0,80,Delayed,6.0,ALERT,Avoid Scooter
286,1.2,2,1,2,2,24,7.0,33,Fast,13.7,Normal,Standard Route
361,8.07,4,1,1,0,21,4.0,48,On Time,9.2,Normal,Standard Route
355,1.88,0,2,2,2,24,7.0,35,Fast,13.5,Normal,Standard Route
457,0.72,2,2,0,2,9,2.0,23,Fast,9.7,Normal,Standard Route
279,14.19,0,2,0,0,9,1.0,57,On Time,5.3,Normal,Standard Route
13,16.73,4,0,0,2,9,7.0,71,Delayed,9.9,ALERT,Use Bike
183,18.53,2,1,0,2,8,8.0,57,On Time,12.3,Normal,Standard Route
369,4.32,0,1,2,0,21,9.0,34,Fast,15.6,Normal,Standard Route
882,13.6,1,0,1,0,9,7.0,61,Delayed,10.9,Normal,Use Bike
616,18.46,2,1,2,0,19,9.0,94,Delayed,9.6,ALERT,Standard Route
224,7.67,4,1,2,1,9,2.0,31,Fast,8.9,Normal,Standard Route
573,8.23,3,1,1,0,17,3.0,56,On Time,7.4,Normal,Avoid Scooter
971,13.44,0,1,3,0,29,0.0,63,Delayed,3.7,Normal,Standard Route
654,15.04,0,1,2,1,24,5.0,60,On Time,9.0,Normal,Standard Route
546,7.48,0,2,2,1,21,4.0,52,On Time,8.8,Normal,Standard Route
583,10.11,2,2,0,2,23,2.0,63,Delayed,5.7,Normal,Standard Route
634,10.88,3,1,0,1,13,3.0,52,On Time,7.8,Normal,Avoid Scooter
177,13.97,3,1,1,2,14,8.0,52,On Time,12.8,Normal,Avoid Scooter
666,3.48,1,1,0,2,9,1.0,31,Fast,7.9,Normal,Standard Route
674,10.73,1,1,2,0,6,6.0,35,Fast,12.5,Normal,Standard Route
586,5.18,0,2,0,1,9,2.0,30,Fast,9.0,Normal,Standard Route
874,8.47,1,2,1,0,24,0.0,68,Delayed,3.2,Normal,Standard Route
394,15.64,2,1,1,0,20,4.0,141,Delayed,-0.09999999999999964,ALERT,Standard Route
164,10.95,3,1,0,0,9,1.0,65,Delayed,4.5,Normal,Avoid Scooter
249,19.29,4,2,1,2,7,8.0,84,Delayed,9.6,ALERT,Standard Route
635,2.59,4,2,1,0,13,5.0,28,Fast,12.2,Normal,Standard Route
886,3.98,0,0,3,1,19,3.0,41,On Time,8.9,Normal,Use Bike
670,6.06,1,1,0,2,10,8.0,41,On Time,13.9,Normal,Standard Route
376,6.72,1,1,1,0,8,5.0,31,Fast,11.9,Normal,Standard Route
413,19.04,0,2,2,2,27,2.0,85,Delayed,3.5,ALERT,Standard Route
75,14.28,4,0,0,2,23,5.0,77,Delayed,7.3,ALERT,Use Bike
114,16.26,2,0,2,0,16,6.0,70,Delayed,9.0,Normal,Use Bike
599,4.25,0,1,0,0,5,4.0,22,Fast,11.8,Normal,Standard Route
962,12.26,0,1,0,0,20,2.0,66,Delayed,5.4,Normal,Standard Route
391,19.81,0,1,0,0,27,1.0,74,Delayed,3.5999999999999996,ALERT,Standard Route
105,18.2,4,2,2,0,27,1.0,108,Delayed,0.1999999999999993,ALERT,Standard Route
115,12.85,2,2,2,2,14,8.0,73,Delayed,10.7,ALERT,Standard Route
418,6.91,0,1,1,0,27,8.0,91,Delayed,8.9,ALERT,Standard Route
526,9.64,0,1,2,0,10,5.0,46,On Time,10.4,Normal,Standard Route
458,9.64,2,2,1,0,14,6.0,52,On Time,10.8,Normal,Standard Route
410,2.28,1,2,2,2,27,6.0,44,On Time,11.6,Normal,Standard Route
93,15.34,2,1,0,0,18,6.0,54,On Time,10.6,Normal,Standard Route
931,3.22,2,2,3,0,14,8.0,34,Fast,14.6,Normal,Standard Route
90,9.71,0,1,2,0,8,1.0,49,On Time,6.1,Normal,Standard Route
337,17.18,0,2,3,2,13,1.0,62,Delayed,4.8,Normal,Standard Route
989,5.3,0,2,0,2,29,3.0,47,On Time,8.3,Normal,Standard Route
922,10.0,0,2,0,2,6,9.0,47,On Time,14.3,Normal,Standard Route
934,10.75,2,2,2,0,8,6.0,60,On Time,10.0,Normal,Standard Route
606,9.49,2,2,2,1,23,6.0,53,On Time,10.7,Normal,Standard Route
594,7.24,0,2,0,0,28,7.0,57,On Time,11.3,Normal,Standard Route
612,16.09,2,1,2,0,21,8.0,66,Delayed,11.4,Normal,Standard Route
95,15.53,0,1,2,0,26,6.0,83,Delayed,7.699999999999999,ALERT,Standard Route
12,19.41,4,1,2,0,11,8.0,62,Delayed,11.8,Normal,Standard Route
397,17.24,0,1,1,0,17,5.0,69,Delayed,8.1,Normal,Standard Route
534,11.33,0,1,2,0,25,3.0,60,On Time,7.0,Normal,Standard Route
44,18.23,2,1,0,2,27,9.0,86,Delayed,10.4,ALERT,Standard Route
43,1.17,0,2,2,0,16,9.0,25,Fast,16.5,Normal,Standard Route
330,5.33,0,1,1,1,29,1.0,51,On Time,5.9,Normal,Standard Route
168,4.14,2,1,2,0,23,2.0,41,On Time,7.9,Normal,Standard Route
498,2.02,0,0,1,0,28,5.0,44,On Time,10.6,Normal,Use Bike
877,14.46,2,2,2,2,11,9.0,68,Delayed,12.2,Normal,Standard Route
598,3.86,0,2,0,0,21,8.0,34,Fast,14.6,Normal,Standard Route
757,12.59,4,2,2,0,13,9.0,62,Delayed,12.8,Normal,Standard Route
101,1.11,0,0,2,2,22,8.0,35,Fast,14.5,Normal,Use Bike
427,9.11,0,1,0,0,19,6.0,42,On Time,11.8,Normal,Standard Route
179,18.77,3,2,1,0,24,0.0,115,Delayed,-1.5,ALERT,Avoid Scooter
445,16.35,1,2,3,0,16,6.0,67,Delayed,9.3,Normal,Standard Route
417,6.22,0,1,0,0,16,9.0,29,Fast,16.1,Normal,Standard Route
871,7.78,1,0,0,0,25,3.0,74,Delayed,5.6,ALERT,Use Bike
883,0.88,2,1,3,1,27,2.0,37,Fast,8.3,Normal,Standard Route
681,16.43,0,1,1,0,13,5.0,56,On Time,9.4,Normal,Standard Route
178,8.04,0,2,1,1,27,0.0,65,Delayed,3.5,Normal,Standard Route
396,18.65,1,1,3,1,19,2.0,68,Delayed,5.2,Normal,Standard Route
912,5.73,1,1,2,2,7,2.0,30,Fast,9.0,Normal,Standard Route
794,12.42,2,1,1,0,28,9.0,79,Delayed,11.1,ALERT,Standard Route
961,2.11,0,1,0,2,28,5.0,34,Fast,11.6,Normal,Standard Route
685,18.62,0,1,1,2,27,6.0,75,Delayed,8.5,ALERT,Standard Route
384,17.61,0,2,2,2,19,3.0,80,Delayed,5.0,ALERT,Standard Route
957,10.62,2,2,3,0,7,2.0,48,On Time,7.2,Normal,Standard Route
752,18.83,2,2,3,0,8,0.0,68,Delayed,3.2,Normal,Standard Route
258,14.07,0,2,2,0,16,9.0,73,Delayed,11.7,ALERT,Standard Route
539,9.29,0,2,1,0,10,9.0,40,On Time,15.0,Normal,Standard Route
336,1.29,2,1,1,0,7,7.0,15,Fast,15.5,Normal,Standard Route
16,4.08,4,2,0,0,7,0.0,33,Fast,6.7,Normal,Standard Route
325,19.12,4,0,1,1,8,0.0,92,Delayed,0.8000000000000007,ALERT,Use Bike
759,17.93,0,2,0,0,29,4.0,85,Delayed,5.5,ALERT,Standard Route
223,2.33,0,1,2,1,6,1.0,17,Fast,9.3,Normal,Standard Route
180,3.18,2,2,1,0,21,3.0,42,On Time,8.8,Normal,Standard Route
984,1.97,0,0,2,1,28,7.0,43,On Time,12.7,Normal,Use Bike
23,6.2,4,0,1,2,7,3.0,42,On Time,8.8,Normal,Use Bike
357,1.02,4,0,1,0,6,8.0,21,Fast,15.9,Normal,Use Bike
667,5.3,0,1,1,0,16,5.0,32,Fast,11.8,Normal,Standard Route
862,9.34,2,1,1,1,10,0.0,40,On Time,6.0,Normal,Standard Route
341,10.09,0,2,1,0,7,0.0,49,On Time,5.1,Normal,Standard Route
432,15.35,2,0,3,2,23,9.0,80,Delayed,11.0,ALERT,Use Bike
552,17.12,2,1,2,0,26,3.0,86,Delayed,4.4,ALERT,Standard Route
834,3.94,3,1,0,0,19,3.0,43,On Time,8.7,Normal,Avoid Scooter
204,18.02,0,1,1,1,12,3.0,77,Delayed,5.3,ALERT,Standard Route
631,14.41,3,2,1,0,8,8.0,75,Delayed,10.5,ALERT,Avoid Scooter
94,11.44,2,2,1,1,20,2.0,57,On Time,6.3,Normal,Standard Route
559,15.23,1,1,2,1,6,0.0,52,On Time,4.8,Normal,Standard Route
69,1.95,0,1,2,2,16,2.0,23,Fast,9.7,Normal,Standard Route
623,7.72,2,2,2,0,11,2.0,36,Fast,8.4,Normal,Standard Route
285,11.78,0,1,0,2,26,3.0,71,Delayed,5.9,ALERT,Standard Route
845,3.4,4,2,2,0,11,6.0,30,Fast,13.0,Normal,Standard Route
435,2.14,0,0,1,0,18,3.0,34,Fast,9.6,Normal,Use Bike
154,10.04,2,0,0,0,12,9.0,59,On Time,13.1,Normal,Use Bike
76,14.72,0,0,1,2,15,8.0,80,Delayed,10.0,ALERT,Use Bike
731,3.7,0,2,2,0,28,7.0,45,On Time,12.5,Normal,Standard Route
447,19.73,2,1,1,0,8,8.0,64,Delayed,11.6,Normal,Standard Route
189,10.83,0,2,1,2,8,9.0,51,On Time,13.9,Normal,Standard Route
272,16.3,1,1,2,1,12,1.0,100,Delayed,1.0,ALERT,Standard Route
237,5.98,1,0,2,0,14,6.0,44,On Time,11.6,Normal,Use Bike
488,5.98,2,0,2,0,21,2.0,60,On Time,6.0,Normal,Use Bike
118,4.14,1,2,2,0,21,0.0,46,On Time,5.4,Normal,Standard Route
944,16.68,1,2,0,0,9,9.0,63,Delayed,12.7,Normal,Standard Route
513,18.69,4,2,3,0,23,9.0,74,Delayed,11.6,ALERT,Standard Route
826,18.44,2,0,2,0,27,7.0,80,Delayed,9.0,ALERT,Use Bike
592,13.0,4,0,2,0,22,8.0,65,Delayed,11.5,Normal,Use Bike
127,16.45,4,2,1,2,25,3.0,87,Delayed,4.300000000000001,ALERT,Standard Route
117,16.17,0,2,1,1,10,2.0,116,Delayed,0.40000000000000036,ALERT,Standard Route
474,17.88,0,2,1,0,29,3.0,98,Delayed,3.1999999999999993,ALERT,Standard Route
694,5.23,0,2,2,2,19,4.0,37,Fast,10.3,Normal,Standard Route
58,4.32,0,2,2,0,17,4.0,36,Fast,10.4,Normal,Standard Route
864,9.09,2,2,2,0,6,7.0,43,On Time,12.7,Normal,Standard Route
913,12.67,4,2,2,2,7,3.0,43,On Time,8.7,Normal,Standard Route
370,1.85,0,2,1,0,10,1.0,24,Fast,8.6,Normal,Standard Route
269,7.51,2,1,1,1,27,6.0,50,On Time,11.0,Normal,Standard Route
47,6.58,0,1,0,0,13,1.0,34,Fast,7.6,Normal,Standard Route
350,12.7,0,1,2,2,22,2.0,57,On Time,6.3,Normal,Standard Route
196,7.31,1,2,0,0,26,2.0,65,Delayed,5.5,Normal,Standard Route
1000,9.2,0,0,2,2,9,9.0,48,On Time,14.2,Normal,Use Bike
835,10.22,1,1,0,2,21,0.0,61,Delayed,3.9000000000000004,Normal,Standard Route
737,8.15,0,0,1,2,12,9.0,43,On Time,14.7,Normal,Use Bike
264,10.61,0,2,2,0,17,0.0,59,On Time,4.1,Normal,Standard Route
444,7.73,0,0,3,0,29,5.0,58,On Time,9.2,Normal,Use Bike
676,19.66,0,1,2,1,19,6.0,70,Delayed,9.0,Normal,Standard Route
305,14.66,3,0,2,1,5,6.0,71,Delayed,8.9,ALERT,Use Bike
342,9.73,0,1,0,0,29,6.0,60,On Time,10.0,Normal,Standard Route
967,14.52,0,2,0,1,26,5.0,86,Delayed,6.4,ALERT,Standard Route
150,5.93,1,0,0,2,27,1.0,106,Delayed,0.40000000000000036,ALERT,Use Bike
125,4.94,2,0,1,2,28,4.0,63,Delayed,7.7,Normal,Use Bike
787,11.88,2,0,0,1,29,9.0,78,Delayed,11.2,ALERT,Use Bike
51,19.41,1,2,2,1,7,6.0,66,Delayed,9.4,Normal,Standard Route
354,3.68,1,0,0,1,16,6.0,47,On Time,11.3,Normal,Use Bike
928,11.06,0,0,1,0,6,9.0,53,On Time,13.7,Normal,Use Bike
143,10.2,2,2,0,0,18,9.0,56,On Time,13.4,Normal,Standard Route
471,0.74,2,1,2,1,13,4.0,21,Fast,11.9,Normal,Standard Route
400,15.21,3,2,0,0,20,9.0,90,Delayed,10.0,ALERT,Avoid Scooter
626,7.69,2,0,2,2,16,3.0,58,On Time,7.2,Normal,Use Bike
321,11.21,0,0,0,2,23,1.0,76,Delayed,3.4000000000000004,ALERT,Use Bike
20,6.18,0,2,1,0,9,9.0,35,Fast,15.5,Normal,Standard Route
810,2.71,0,2,2,1,6,5.0,19,Fast,13.1,Normal,Standard Route
791,3.49,0,2,2,0,17,2.0,38,Fast,8.2,Normal,Standard Route
809,9.29,0,2,2,0,17,2.0,49,On Time,7.1,Normal,Standard Route
408,0.71,1,1,3,0,29,1.0,41,On Time,6.9,Normal,Standard Route
538,5.32,2,1,0,2,27,2.0,48,On Time,7.2,Normal,Standard Route
621,4.1,0,2,1,1,18,3.0,38,Fast,9.2,Normal,Standard Route
39,13.84,0,1,2,2,18,3.0,64,Delayed,6.6,Normal,Standard Route
176,3.9,2,0,2,1,25,9.0,54,On Time,13.6,Normal,Use Bike
246,18.6,2,2,2,1,28,9.0,77,Delayed,11.3,ALERT,Standard Route
829,14.88,3,2,1,0,10,0.0,64,Delayed,3.5999999999999996,Normal,Avoid Scooter
668,3.63,4,2,2,1,22,9.0,39,Fast,15.1,Normal,Standard Route
755,3.22,4,0,2,1,7,7.0,27,Fast,14.3,Normal,Use Bike
859,11.51,1,1,0,1,5,7.0,57,On Time,11.3,Normal,Standard Route
155,19.72,2,1,0,0,27,6.0,109,Delayed,5.1,ALERT,Standard Route
288,11.08,0,1,1,2,28,2.0,58,On Time,6.2,Normal,Standard Route
603,3.95,0,2,2,1,28,5.0,47,On Time,10.3,Normal,Standard Route
570,7.29,0,0,1,1,11,7.0,48,On Time,12.2,Normal,Use Bike
744,10.3,0,1,2,1,12,7.0,41,On Time,12.9,Normal,Standard Route
18,10.73,2,0,0,1,27,6.0,83,Delayed,7.699999999999999,ALERT,Use Bike
128,17.28,0,1,2,1,28,3.0,72,Delayed,5.8,ALERT,Standard Route
323,13.37,1,2,1,2,16,9.0,71,Delayed,11.9,ALERT,Standard Route
256,11.36,0,2,2,2,8,2.0,52,On Time,6.8,Normal,Standard Route
658,7.58,0,0,0,2,19,9.0,57,On Time,13.3,Normal,Use Bike
965,6.13,2,0,0,0,25,6.0,59,On Time,10.1,Normal,Use Bike
191,2.32,0,1,0,2,23,1.0,32,Fast,7.8,Normal,Standard Route
116,17.49,2,1,1,0,27,9.0,97,Delayed,9.3,ALERT,Standard Route
617,1.69,4,1,0,1,11,7.0,20,Fast,15.0,Normal,Standard Route
607,4.52,4,1,1,1,17,0.0,71,Delayed,2.9000000000000004,ALERT,Standard Route
181,7.15,4,1,2,0,15,3.0,42,On Time,8.8,Normal,Standard Route
302,10.86,4,2,2,1,10,4.0,60,On Time,8.0,Normal,Standard Route
760,15.88,2,1,1,1,17,1.0,68,Delayed,4.2,Normal,Standard Route
713,9.7,3,1,1,0,6,1.0,45,On Time,6.5,Normal,Avoid Scooter
724,14.95,0,2,2,0,13,7.0,49,On Time,12.1,Normal,Standard Route
686,11.36,1,1,0,0,6,4.0,47,On Time,9.3,Normal,Standard Route
980,12.14,1,0,0,0,12,0.0,65,Delayed,3.5,Normal,Use Bike
518,16.31,1,2,0,1,14,7.0,71,Delayed,9.9,ALERT,Standard Route
985,14.7,0,2,1,2,24,5.0,75,Delayed,7.5,ALERT,Standard Route
46,13.42,2,2,1,0,6,6.0,105,Delayed,5.5,ALERT,Standard Route
910,7.9,0,1,0,2,22,6.0,48,On Time,11.2,Normal,Standard Route
158,15.35,1,1,2,1,5,3.0,56,On Time,7.4,Normal,Standard Route
852,15.12,1,1,2,0,14,1.0,58,On Time,5.2,Normal,Standard Route
172,0.82,4,1,2,1,18,9.0,23,Fast,16.7,Normal,Standard Route
17,6.43,0,1,1,1,9,7.0,26,Fast,14.4,Normal,Standard Route
512,8.66,3,0,2,0,29,3.0,77,Delayed,5.3,ALERT,Use Bike
49,11.16,1,2,0,1,21,4.0,77,Delayed,6.3,ALERT,Standard Route
972,18.77,1,1,0,1,15,4.0,71,Delayed,6.9,ALERT,Standard Route
941,5.84,0,1,1,0,21,7.0,35,Fast,13.5,Normal,Standard Route
516,1.01,0,0,3,0,17,7.0,29,Fast,14.1,Normal,Use Bike
953,3.92,2,2,3,0,20,9.0,41,On Time,14.9,Normal,Standard Route
481,12.77,1,1,2,0,22,8.0,71,Delayed,10.9,ALERT,Standard Route
284,2.33,0,1,1,0,9,2.0,18,Fast,10.2,Normal,Standard Route
719,2.92,4,0,0,0,24,4.0,48,On Time,9.2,Normal,Use Bike
878,13.35,2,1,1,2,14,4.0,91,Delayed,4.9,ALERT,Standard Route
226,5.26,2,2,1,2,28,8.0,51,On Time,12.9,Normal,Standard Route
27,4.39,1,2,3,0,12,8.0,38,Fast,14.2,Normal,Standard Route
955,8.67,4,0,2,0,20,4.0,55,On Time,8.5,Normal,Use Bike
438,16.53,3,1,0,2,24,9.0,99,Delayed,9.1,ALERT,Avoid Scooter
952,13.47,0,2,1,0,19,4.0,59,On Time,8.1,Normal,Standard Route
365,18.86,3,2,3,0,18,1.0,89,Delayed,2.0999999999999996,ALERT,Avoid Scooter
230,12.81,0,1,2,0,12,2.0,51,On Time,6.9,Normal,Standard Route
38,2.4,3,1,3,2,27,5.0,42,On Time,10.8,Normal,Avoid Scooter
966,7.44,2,2,1,0,6,1.0,39,Fast,7.1,Normal,Standard Route
375,1.89,0,2,1,2,13,7.0,22,Fast,14.8,Normal,Standard Route
470,19.28,3,2,2,1,21,3.0,101,Delayed,2.9000000000000004,ALERT,Avoid Scooter
968,6.29,3,2,2,2,10,7.0,27,Fast,14.3,Normal,Avoid Scooter
851,1.81,0,2,0,1,23,3.0,34,Fast,9.6,Normal,Standard Route
705,1.74,0,2,3,0,23,2.0,34,Fast,8.6,Normal,Standard Route
842,13.44,0,2,2,1,22,1.0,79,Delayed,3.0999999999999996,ALERT,Standard Route
195,7.11,0,1,0,2,27,1.0,48,On Time,6.2,Normal,Standard Route
855,4.5,4,1,1,2,20,6.0,32,Fast,12.8,Normal,Standard Route
865,8.31,4,2,2,0,6,5.0,44,On Time,10.6,Normal,Standard Route
504,16.37,0,0,2,0,26,7.0,97,Delayed,7.300000000000001,ALERT,Use Bike
970,9.78,0,2,0,0,18,3.0,58,On Time,7.2,Normal,Standard Route
831,4.88,4,2,0,2,26,7.0,48,On Time,12.2,Normal,Standard Route
580,5.54,2,2,0,2,28,9.0,51,On Time,13.9,Normal,Standard Route
969,11.54,0,0,0,1,10,0.0,56,On Time,4.4,Normal,Use Bike
163,12.85,0,1,0,2,5,0.0,54,On Time,4.6,Normal,Standard Route
909,5.56,0,1,0,2,19,5.0,31,Fast,11.9,Normal,Standard Route
153,3.33,0,2,1,2,24,2.0,44,On Time,7.6,Normal,Standard Route
802,3.47,3,0,3,0,24,9.0,53,On Time,13.7,Normal,Use Bike
994,12.01,0,1,2,2,26,6.0,57,On Time,10.3,Normal,Standard Route
756,15.98,1,1,2,1,21,6.0,90,Delayed,7.0,ALERT,Standard Route
112,3.64,0,1,2,2,16,3.0,26,Fast,10.4,Normal,Standard Route
227,19.47,0,1,2,0,16,8.0,83,Delayed,9.7,ALERT,Standard Route
689,15.51,2,2,2,2,10,8.0,81,Delayed,9.9,ALERT,Standard Route
104,10.42,4,2,0,0,28,3.0,72,Delayed,5.8,ALERT,Standard Route
422,15.9,2,1,1,1,19,5.0,78,Delayed,7.2,ALERT,Standard Route
420,15.17,4,1,2,0,25,4.0,77,Delayed,6.3,ALERT,Standard Route
751,2.78,2,1,2,0,21,4.0,37,Fast,10.3,Normal,Standard Route
587,1.98,2,1,0,0,22,0.0,39,Fast,6.1,Normal,Standard Route
781,14.03,0,1,0,0,17,2.0,65,Delayed,5.5,Normal,Standard Route
673,2.06,1,2,1,2,22,4.0,40,On Time,10.0,Normal,Standard Route
120,11.02,0,0,2,2,22,2.0,70,Delayed,5.0,Normal,Use Bike
54,17.95,3,0,2,2,16,2.0,96,Delayed,2.4000000000000004,ALERT,Use Bike
152,5.17,1,1,2,0,29,0.0,56,On Time,4.4,Normal,Standard Route
404,16.62,3,1,0,0,26,8.0,94,Delayed,8.6,ALERT,Avoid Scooter
946,0.71,2,1,2,1,25,8.0,31,Fast,14.9,Normal,Standard Route
208,13.44,0,1,1,2,9,5.0,55,On Time,9.5,Normal,Standard Route
659,13.1,0,1,1,0,28,2.0,72,Delayed,4.8,ALERT,Standard Route
844,19.24,2,0,0,0,9,7.0,75,Delayed,9.5,ALERT,Use Bike
763,5.35,0,2,0,2,24,6.0,43,On Time,11.7,Normal,Standard Route
9,12.22,0,1,1,2,15,0.0,56,On Time,4.4,Normal,Standard Route
808,18.55,0,1,0,1,11,9.0,69,Delayed,12.1,Normal,Standard Route
37,6.44,0,1,0,1,18,2.0,43,On Time,7.7,Normal,Standard Route
453,8.77,1,2,1,1,14,7.0,49,On Time,12.1,Normal,Standard Route
652,10.97,0,1,0,2,27,3.0,51,On Time,7.9,Normal,Standard Route
254,6.68,0,0,2,2,10,5.0,44,On Time,10.6,Normal,Use Bike
304,12.93,2,1,0,2,25,0.0,61,Delayed,3.9000000000000004,Normal,Standard Route
747,7.99,0,2,1,0,18,4.0,42,On Time,9.8,Normal,Standard Route
572,15.78,0,0,0,2,12,1.0,68,Delayed,4.2,Normal,Use Bike
624,9.95,4,0,1,2,21,5.0,72,Delayed,7.8,ALERT,Use Bike
733,13.47,2,1,0,2,7,6.0,46,On Time,11.4,Normal,Standard Route
892,17.19,0,2,0,0,11,8.0,76,Delayed,10.4,ALERT,Standard Route
263,3.23,0,0,0,0,17,9.0,33,Fast,15.7,Normal,Use Bike
611,1.27,1,0,0,0,25,9.0,46,On Time,14.4,Normal,Use Bike
298,4.71,0,1,2,0,20,6.0,31,Fast,12.9,Normal,Standard Route
415,12.82,2,2,1,0,28,9.0,72,Delayed,11.8,ALERT,Standard Route
151,18.21,2,1,1,0,6,3.0,74,Delayed,5.6,ALERT,Standard Route
789,9.51,0,0,2,0,26,9.0,63,Delayed,12.7,Normal,Use Bike
641,0.89,2,1,2,1,9,0.0,20,Fast,8.0,Normal,Standard Route
890,5.24,4,0,0,2,26,8.0,51,On Time,12.9,Normal,Use Bike
551,10.64,4,1,1,1,11,9.0,36,Fast,15.4,Normal,Standard Route
887,13.23,0,2,3,0,20,8.0,70,Delayed,11.0,Normal,Standard Route
489,19.03,0,2,2,2,8,8.0,65,Delayed,11.5,Normal,Standard Route
148,10.3,2,1,1,0,29,0.0,73,Delayed,2.7,ALERT,Standard Route
147,12.39,3,2,1,0,14,8.0,56,On Time,12.4,Normal,Avoid Scooter
721,18.8,0,0,0,0,23,7.0,95,Delayed,7.5,ALERT,Use Bike
932,16.78,2,2,2,0,22,1.0,70,Delayed,4.0,Normal,Standard Route
740,7.85,0,1,0,2,7,9.0,34,Fast,15.6,Normal,Standard Route
660,11.63,0,2,3,2,29,7.0,57,On Time,11.3,Normal,Standard Route
349,7.8,4,2,0,1,17,6.0,44,On Time,11.6,Normal,Standard Route
464,11.88,2,2,0,0,5,1.0,63,Delayed,4.7,Normal,Standard Route
326,14.89,0,0,1,1,22,9.0,88,Delayed,10.2,ALERT,Use Bike
187,16.44,2,0,0,0,12,9.0,86,Delayed,10.4,ALERT,Use Bike
124,2.65,2,2,0,1,14,4.0,35,Fast,10.5,Normal,Standard Route
854,18.01,1,0,3,0,14,2.0,71,Delayed,4.9,ALERT,Use Bike
609,10.32,0,2,3,1,24,5.0,49,On Time,10.1,Normal,Standard Route
144,6.37,2,1,0,1,29,4.0,56,On Time,8.4,Normal,Standard Route
959,3.74,2,1,2,0,19,6.0,36,Fast,12.4,Normal,Standard Route
198,17.99,4,0,1,0,5,1.0,73,Delayed,3.7,ALERT,Use Bike
610,13.96,2,1,3,0,5,1.0,42,On Time,6.8,Normal,Standard Route
280,16.02,0,1,1,0,20,7.0,61,Delayed,10.9,Normal,Standard Route
294,7.52,0,2,0,1,17,9.0,44,On Time,14.6,Normal,Standard Route
401,2.51,0,1,2,0,16,2.0,28,Fast,9.2,Normal,Standard Route
123,6.7,1,0,2,2,23,3.0,59,On Time,7.1,Normal,Use Bike
184,17.61,4,1,2,0,5,8.0,61,Delayed,11.9,Normal,Standard Route
203,3.65,0,2,2,0,29,9.0,46,On Time,14.4,Normal,Standard Route
439,14.27,0,2,3,1,24,3.0,77,Delayed,5.3,ALERT,Standard Route
247,8.85,0,1,0,0,11,9.0,45,On Time,14.5,Normal,Standard Route
416,9.24,4,1,0,0,8,2.0,49,On Time,7.1,Normal,Standard Route
933,19.7,2,1,1,1,16,6.0,66,Delayed,9.4,Normal,Standard Route
766,11.61,0,0,2,1,19,1.0,67,Delayed,4.3,Normal,Use Bike
907,16.44,4,0,0,1,8,0.0,80,Delayed,2.0,ALERT,Use Bike
836,8.67,2,0,0,0,12,7.0,104,Delayed,6.6,ALERT,Use Bike
888,5.14,0,2,1,2,23,7.0,43,On Time,12.7,Normal,Standard Route
130,10.46,0,2,1,0,25,3.0,68,Delayed,6.2,Normal,Standard Route
638,5.23,0,2,2,2,23,2.0,47,On Time,7.3,Normal,Standard Route
403,10.35,0,2,3,0,7,9.0,48,On Time,14.2,Normal,Standard Route
785,4.04,2,0,1,0,14,6.0,39,Fast,12.1,Normal,Use Bike
771,2.66,0,1,0,0,16,8.0,21,Fast,15.9,Normal,Standard Route
736,17.61,1,2,0,0,9,5.0,74,Delayed,7.6,ALERT,Standard Route
914,8.48,0,0,3,0,11,5.0,39,Fast,11.1,Normal,Use Bike
220,17.06,0,1,1,0,9,9.0,66,Delayed,12.4,Normal,Standard Route
642,6.78,1,1,3,0,18,6.0,42,On Time,11.8,Normal,Standard Route
916,9.0,3,2,0,1,29,3.0,78,Delayed,5.2,ALERT,Avoid Scooter
753,12.74,0,1,0,2,12,0.0,63,Delayed,3.7,Normal,Standard Route
807,18.72,2,2,0,0,17,0.0,89,Delayed,1.0999999999999996,ALERT,Standard Route
920,3.23,0,1,0,0,7,7.0,14,Fast,15.6,Normal,Standard Route
625,12.56,0,1,2,1,22,8.0,49,On Time,13.1,Normal,Standard Route
875,1.0,3,2,2,0,28,0.0,51,On Time,4.9,Normal,Avoid Scooter
761,3.46,0,1,2,0,24,6.0,37,Fast,12.3,Normal,Standard Route
387,6.0,3,1,2,1,20,8.0,53,On Time,12.7,Normal,Avoid Scooter
973,14.79,0,2,2,2,12,9.0,64,Delayed,12.6,Normal,Standard Route
510,14.65,3,0,2,1,19,3.0,95,Delayed,3.5,ALERT,Use Bike
268,14.2,0,2,0,0,17,1.0,73,Delayed,3.7,ALERT,Standard Route
820,7.04,0,1,0,0,11,8.0,38,Fast,14.2,Normal,Standard Route
442,19.74,0,1,0,1,16,1.0,98,Delayed,1.1999999999999993,ALERT,Standard Route
497,11.88,2,2,1,0,20,8.0,69,Delayed,11.1,Normal,Standard Route
113,18.63,0,1,1,0,26,8.0,75,Delayed,10.5,ALERT,Standard Route
692,8.8,2,2,0,0,6,2.0,38,Fast,8.2,Normal,Standard Route
233,11.75,0,0,2,0,9,2.0,55,On Time,6.5,Normal,Use Bike
870,18.95,3,1,2,1,27,0.0,92,Delayed,0.8000000000000007,ALERT,Avoid Scooter
608,7.6,1,1,2,0,16,4.0,48,On Time,9.2,Normal,Standard Route
672,17.99,1,1,2,1,11,2.0,84,Delayed,3.5999999999999996,ALERT,Standard Route
374,13.82,0,2,1,0,21,9.0,72,Delayed,11.8,ALERT,Standard Route
982,15.53,1,1,1,0,26,7.0,68,Delayed,10.2,Normal,Standard Route
843,3.97,0,0,0,0,19,8.0,40,On Time,14.0,Normal,Use Bike
234,10.1,0,0,2,1,17,6.0,55,On Time,10.5,Normal,Use Bike
786,18.21,1,1,2,0,5,1.0,70,Delayed,4.0,Normal,Standard Route
677,2.68,0,1,2,0,16,8.0,25,Fast,15.5,Normal,Standard Route
318,3.88,3,1,2,0,9,6.0,33,Fast,12.7,Normal,Avoid Scooter
649,15.89,3,2,0,1,15,9.0,91,Delayed,9.9,ALERT,Avoid Scooter
411,6.73,0,2,0,0,21,1.0,54,On Time,5.6,Normal,Standard Route
899,0.75,0,2,0,0,10,5.0,16,Fast,13.4,Normal,Standard Route
710,13.79,2,1,3,2,11,0.0,69,Delayed,3.0999999999999996,Normal,Standard Route
359,18.83,0,2,1,2,5,8.0,69,Delayed,11.1,Normal,Standard Route
259,11.62,0,1,0,0,9,8.0,33,Fast,14.7,Normal,Standard Route
745,5.03,0,2,2,0,17,8.0,38,Fast,14.2,Normal,Standard Route
628,15.08,2,2,1,2,26,1.0,94,Delayed,1.5999999999999996,ALERT,Standard Route
633,10.48,2,1,0,1,10,7.0,45,On Time,12.5,Normal,Standard Route
283,7.82,2,2,1,0,16,8.0,45,On Time,13.5,Normal,Standard Route
377,16.98,0,1,1,0,11,6.0,78,Delayed,8.2,ALERT,Standard Route
385,14.83,2,1,2,1,19,4.0,126,Delayed,1.4000000000000004,ALERT,Standard Route
225,5.67,0,1,2,2,11,9.0,27,Fast,16.3,Normal,Standard Route
954,18.33,3,2,2,2,5,5.0,67,Delayed,8.3,Normal,Avoid Scooter
815,17.46,0,2,2,2,6,5.0,62,Delayed,8.8,Normal,Standard Route
473,1.34,1,0,1,0,9,5.0,30,Fast,12.0,Normal,Use Bike
348,1.38,0,1,2,2,13,9.0,17,Fast,17.3,Normal,Standard Route
506,3.67,0,1,2,0,9,0.0,26,Fast,7.4,Normal,Standard Route
640,7.86,4,2,2,1,22,2.0,55,On Time,6.5,Normal,Standard Route
988,8.98,0,2,0,2,22,8.0,105,Delayed,7.5,ALERT,Standard Route
929,12.85,2,2,1,2,6,7.0,61,Delayed,10.9,Normal,Standard Route
906,17.91,0,1,0,0,6,7.0,68,Delayed,10.2,Normal,Standard Route
620,15.09,3,1,2,1,20,7.0,68,Delayed,10.2,Normal,Avoid Scooter
856,4.22,0,2,2,0,16,7.0,35,Fast,13.5,Normal,Standard Route
804,12.33,0,0,3,0,7,2.0,101,Delayed,1.9000000000000004,ALERT,Use Bike
646,17.87,3,1,2,2,29,4.0,87,Delayed,5.300000000000001,ALERT,Avoid Scooter
847,2.16,0,2,3,1,10,1.0,23,Fast,8.7,Normal,Standard Route
557,3.11,2,2,2,2,21,1.0,43,On Time,6.7,Normal,Standard Route
958,1.42,0,0,0,2,24,2.0,40,On Time,8.0,Normal,Use Bike
578,18.57,2,2,0,0,16,7.0,89,Delayed,8.1,ALERT,Standard Route
796,17.51,0,2,1,0,15,3.0,60,On Time,7.0,Normal,Standard Route
86,6.84,0,2,1,0,25,1.0,51,On Time,5.9,Normal,Standard Route
243,18.34,3,2,0,2,22,1.0,91,Delayed,1.9000000000000004,ALERT,Avoid Scooter
699,3.51,4,2,3,0,22,2.0,44,On Time,7.6,Normal,Standard Route
160,14.7,0,2,2,2,6,2.0,58,On Time,6.2,Normal,Standard Route
525,16.85,0,0,2,1,17,4.0,71,Delayed,6.9,ALERT,Use Bike
36,16.26,2,1,2,1,27,5.0,66,Delayed,8.4,Normal,Standard Route
541,19.1,3,2,2,0,25,6.0,90,Delayed,7.0,ALERT,Avoid Scooter
171,13.71,2,2,1,0,22,9.0,64,Delayed,12.6,Normal,Standard Route
655,8.92,0,2,1,0,10,1.0,51,On Time,5.9,Normal,Standard Route
891,14.58,0,1,1,0,23,0.0,70,Delayed,3.0,Normal,Standard Route
858,9.71,0,1,0,1,27,5.0,61,Delayed,8.9,Normal,Standard Route
848,19.94,0,1,0,0,26,6.0,83,Delayed,7.699999999999999,ALERT,Standard Route
945,4.53,3,2,2,2,18,4.0,49,On Time,9.1,Normal,Avoid Scooter
734,10.7,0,0,0,1,8,4.0,57,On Time,8.3,Normal,Use Bike
96,10.13,0,2,1,0,22,0.0,65,Delayed,3.5,Normal,Standard Route
564,0.78,0,1,0,0,11,0.0,18,Fast,8.2,Normal,Standard Route
241,18.84,1,2,0,2,25,8.0,88,Delayed,9.2,ALERT,Standard Route
743,15.08,3,1,1,0,29,7.0,84,Delayed,8.6,ALERT,Avoid Scooter
575,17.32,0,1,1,2,10,3.0,77,Delayed,5.3,ALERT,Standard Route
691,6.81,0,2,1,0,23,2.0,47,On Time,7.3,Normal,Standard Route
461,2.79,0,0,2,0,23,7.0,38,Fast,13.2,Normal,Use Bike
554,11.44,1,0,0,1,14,4.0,74,Delayed,6.6,ALERT,Use Bike
889,2.44,3,0,1,0,13,9.0,39,Fast,15.1,Normal,Use Bike
207,2.48,2,1,1,2,20,8.0,30,Fast,15.0,Normal,Standard Route
393,7.75,2,2,1,2,21,1.0,55,On Time,5.5,Normal,Standard Route
795,0.85,0,2,2,0,9,8.0,17,Fast,16.3,Normal,Standard Route
398,8.87,0,1,1,0,19,3.0,55,On Time,7.5,Normal,Standard Route
767,15.37,3,2,0,1,15,5.0,66,Delayed,8.4,Normal,Avoid Scooter
849,10.29,1,2,1,2,25,4.0,67,Delayed,7.3,Normal,Standard Route
218,15.06,2,1,2,0,22,4.0,65,Delayed,7.5,Normal,Standard Route
5,3.54,1,1,2,0,23,7.0,37,Fast,13.3,Normal,Standard Route
769,7.17,0,2,2,2,7,9.0,29,Fast,16.1,Normal,Standard Route
643,4.62,2,2,0,1,8,3.0,33,Fast,9.7,Normal,Standard Route
930,5.53,0,1,2,1,10,8.0,27,Fast,15.3,Normal,Standard Route
613,12.74,2,1,0,0,17,9.0,63,Delayed,12.7,Normal,Standard Route
739,9.06,0,0,1,0,26,3.0,61,Delayed,6.9,Normal,Use Bike
547,2.71,1,1,2,0,6,0.0,28,Fast,7.2,Normal,Standard Route
726,16.92,0,1,3,0,23,5.0,78,Delayed,7.2,ALERT,Standard Route
684,13.54,1,1,2,0,11,1.0,54,On Time,5.6,Normal,Standard Route
99,1.0,3,2,2,0,25,4.0,44,On Time,9.6,Normal,Avoid Scooter
805,8.77,0,2,2,1,12,2.0,42,On Time,7.8,Normal,Standard Route
728,16.01,4,1,2,1,28,0.0,84,Delayed,1.5999999999999996,ALERT,Standard Route
574,12.63,1,2,3,2,8,8.0,49,On Time,13.1,Normal,Standard Route
407,8.09,1,1,1,1,22,2.0,56,On Time,6.4,Normal,Standard Route
503,6.54,0,2,3,0,10,7.0,39,Fast,13.1,Normal,Standard Route
48,10.64,0,2,0,2,14,5.0,45,On Time,10.5,Normal,Standard Route
33,1.77,0,2,1,0,14,9.0,22,Fast,16.8,Normal,Standard Route
780,13.0,1,1,1,0,25,7.0,77,Delayed,9.3,ALERT,Standard Route
840,12.83,0,1,1,0,5,8.0,50,On Time,13.0,Normal,Standard Route
201,13.02,3,0,0,1,6,9.0,65,Delayed,12.5,Normal,Use Bike
135,18.89,2,2,2,2,22,1.0,74,Delayed,3.5999999999999996,ALERT,Standard Route
28,10.53,1,0,1,0,25,8.0,72,Delayed,10.8,ALERT,Use Bike
881,5.01,2,1,0,0,10,5.0,31,Fast,11.9,Normal,Standard Route
231,16.0,1,2,0,2,13,3.0,65,Delayed,6.5,Normal,Standard Route
490,17.86,0,1,0,2,16,8.0,83,Delayed,9.7,ALERT,Standard Route
773,2.99,1,0,0,0,9,5.0,90,Delayed,6.0,ALERT,Use Bike
379,16.38,0,2,2,0,6,2.0,51,On Time,6.9,Normal,Standard Route
289,6.09,0,2,3,0,7,4.0,27,Fast,11.3,Normal,Standard Route
419,13.61,0,1,2,0,26,0.0,66,Delayed,3.4000000000000004,Normal,Standard Route
675,8.5,3,0,1,0,14,7.0,56,On Time,11.4,Normal,Use Bike
392,8.55,0,1,1,2,28,8.0,46,On Time,13.4,Normal,Standard Route
593,4.05,0,2,0,2,21,5.0,39,Fast,11.1,Normal,Standard Route
499,19.5,0,0,2,0,18,2.0,73,Delayed,4.7,ALERT,Use Bike
139,7.59,0,0,0,2,16,3.0,37,Fast,9.3,Normal,Use Bike
63,16.66,3,0,0,2,29,7.0,95,Delayed,7.5,ALERT,Use Bike
472,19.41,3,0,1,1,21,3.0,100,Delayed,3.0,ALERT,Use Bike
648,13.74,1,2,0,0,6,1.0,56,On Time,5.4,Normal,Standard Route
129,0.64,0,0,3,0,10,3.0,24,Fast,10.6,Normal,Use Bike
977,12.1,0,0,0,0,11,0.0,53,On Time,4.7,Normal,Use Bike
521,12.09,0,2,2,1,13,1.0,60,On Time,5.0,Normal,Standard Route
839,11.82,4,2,3,0,24,7.0,77,Delayed,9.3,ALERT,Standard Route
963,5.28,1,1,2,0,27,6.0,53,On Time,10.7,Normal,Standard Route
65,5.98,0,1,1,1,22,9.0,35,Fast,15.5,Normal,Standard Route
813,2.93,0,2,2,0,24,8.0,94,Delayed,8.6,ALERT,Standard Route
15,4.05,3,2,1,2,19,2.0,50,On Time,7.0,Normal,Avoid Scooter
157,13.61,0,1,1,2,12,2.0,43,On Time,7.7,Normal,Standard Route
41,2.88,2,1,2,1,16,4.0,41,On Time,9.9,Normal,Standard Route
493,5.91,0,2,1,2,29,4.0,57,On Time,8.3,Normal,Standard Route
380,6.0,2,2,1,2,21,2.0,47,On Time,7.3,Normal,Standard Route
188,11.33,0,2,0,2,29,7.0,77,Delayed,9.3,ALERT,Standard Route
764,15.01,0,2,2,0,15,6.0,64,Delayed,9.6,Normal,Standard Route
217,6.85,0,0,2,0,16,5.0,48,On Time,10.2,Normal,Use Bike
792,11.93,3,0,2,1,7,1.0,75,Delayed,3.5,ALERT,Use Bike
53,18.82,4,1,2,1,5,3.0,77,Delayed,5.3,ALERT,Standard Route
879,1.03,0,2,0,0,19,4.0,29,Fast,11.1,Normal,Standard Route
338,14.22,2,2,1,1,25,8.0,84,Delayed,9.6,ALERT,Standard Route
749,18.18,3,0,1,0,17,3.0,85,Delayed,4.5,ALERT,Use Bike
720,14.75,0,1,2,1,10,7.0,62,Delayed,10.8,Normal,Standard Route
725,11.7,2,1,0,0,17,5.0,60,On Time,9.0,Normal,Standard Route
296,10.68,0,1,2,0,14,1.0,42,On Time,6.8,Normal,Standard Route
702,1.51,0,0,1,0,26,1.0,44,On Time,6.6,Normal,Use Bike
252,8.01,0,0,2,0,8,6.0,48,On Time,11.2,Normal,Use Bike
727,3.23,2,1,2,1,25,7.0,42,On Time,12.8,Normal,Standard Route
462,13.16,2,0,2,2,25,8.0,68,Delayed,11.2,Normal,Use Bike
456,10.11,4,1,2,0,11,4.0,44,On Time,9.6,Normal,Standard Route
997,18.39,4,1,0,0,24,6.0,74,Delayed,8.6,ALERT,Standard Route
816,10.62,4,2,0,1,22,5.0,54,On Time,9.6,Normal,Standard Route
863,10.73,0,2,0,0,7,5.0,57,On Time,9.3,Normal,Standard Route
270,6.23,0,2,1,1,20,1.0,51,On Time,5.9,Normal,Standard Route
202,2.14,0,1,0,0,25,1.0,36,Fast,7.4,Normal,Standard Route
162,12.83,0,2,2,0,19,2.0,76,Delayed,4.4,ALERT,Standard Route
556,8.37,0,0,1,2,13,7.0,42,On Time,12.8,Normal,Use Bike
730,3.69,2,2,0,0,8,8.0,27,Fast,15.3,Normal,Standard Route
402,18.1,0,1,2,2,8,5.0,77,Delayed,7.3,ALERT,Standard Route
703,7.06,0,1,0,2,26,5.0,51,On Time,9.9,Normal,Standard Route
477,1.94,1,1,3,0,10,1.0,25,Fast,8.5,Normal,Standard Route
822,0.59,0,1,0,0,21,0.0,27,Fast,7.3,Normal,Standard Route
772,17.01,3,1,3,0,28,6.0,97,Delayed,6.300000000000001,ALERT,Avoid Scooter
106,5.36,0,1,0,2,11,4.0,30,Fast,11.0,Normal,Standard Route
566,12.0,0,1,1,1,25,0.0,75,Delayed,2.5,ALERT,Standard Route
390,16.23,0,2,1,0,6,0.0,54,On Time,4.6,Normal,Standard Route
2,19.04,2,1,1,1,12,6.0,60,On Time,10.0,Normal,Standard Route
938,18.33,1,2,2,2,19,0.0,98,Delayed,0.1999999999999993,ALERT,Standard Route
983,2.58,0,2,2,2,25,7.0,37,Fast,13.3,Normal,Standard Route
562,4.65,0,2,1,0,21,1.0,46,On Time,6.4,Normal,Standard Route
81,17.33,3,1,1,2,12,3.0,79,Delayed,5.1,ALERT,Avoid Scooter
206,0.68,3,0,1,0,29,8.0,50,On Time,13.0,Normal,Use Bike
35,19.33,0,2,2,0,7,8.0,73,Delayed,10.7,ALERT,Standard Route
776,3.42,0,2,3,1,11,9.0,24,Fast,16.6,Normal,Standard Route
509,19.02,2,0,1,2,22,1.0,106,Delayed,0.40000000000000036,ALERT,Use Bike
428,17.81,4,0,1,0,21,4.0,122,Delayed,1.8000000000000007,ALERT,Use Bike
455,2.67,0,2,3,1,17,6.0,28,Fast,13.2,Normal,Standard Route
367,19.24,3,1,3,0,26,1.0,114,Delayed,-0.40000000000000036,ALERT,Avoid Scooter
92,14.41,2,1,3,0,16,6.0,85,Delayed,7.5,ALERT,Standard Route
340,2.41,2,2,1,0,15,9.0,25,Fast,16.5,Normal,Standard Route
898,17.98,0,1,1,0,5,8.0,45,On Time,13.5,Normal,Standard Route
565,7.34,1,2,0,0,22,5.0,93,Delayed,5.699999999999999,ALERT,Standard Route
346,12.51,0,2,1,0,18,5.0,62,Delayed,8.8,Normal,Standard Route
777,4.97,2,1,1,0,17,9.0,34,Fast,15.6,Normal,Standard Route
242,19.1,3,1,0,0,18,1.0,101,Delayed,0.9000000000000004,ALERT,Avoid Scooter
14,4.64,0,1,0,0,15,9.0,24,Fast,16.6,Normal,Standard Route
316,14.07,2,1,1,0,10,5.0,63,Delayed,8.7,Normal,Standard Route
601,3.79,0,2,2,0,13,2.0,34,Fast,8.6,Normal,Standard Route
388,3.96,0,2,0,0,23,2.0,44,On Time,7.6,Normal,Standard Route
274,18.31,0,2,0,0,25,3.0,79,Delayed,5.1,ALERT,Standard Route
167,6.76,1,2,3,0,7,6.0,42,On Time,11.8,Normal,Standard Route
841,0.76,0,1,0,1,26,9.0,28,Fast,16.2,Normal,Standard Route
993,5.81,2,2,1,0,14,8.0,41,On Time,13.9,Normal,Standard Route
647,12.08,0,0,0,2,16,4.0,60,On Time,8.0,Normal,Use Bike
819,1.57,2,1,1,1,16,1.0,30,Fast,8.0,Normal,Standard Route
485,11.89,0,2,0,0,28,0.0,79,Delayed,2.0999999999999996,ALERT,Standard Route
981,7.02,0,2,1,1,23,2.0,53,On Time,6.7,Normal,Standard Route
505,13.85,0,1,1,0,29,5.0,71,Delayed,7.9,ALERT,Standard Route
832,9.32,2,2,1,2,24,2.0,71,Delayed,4.9,ALERT,Standard Route
244,7.72,1,0,1,0,19,4.0,64,Delayed,7.6,Normal,Use Bike
567,8.15,2,1,0,0,26,2.0,50,On Time,7.0,Normal,Standard Route
876,3.54,2,2,0,2,17,4.0,41,On Time,9.9,Normal,Standard Route
563,3.16,3,1,2,1,9,4.0,27,Fast,11.3,Normal,Avoid Scooter
687,11.65,4,1,3,0,10,3.0,53,On Time,7.7,Normal,Standard Route
190,5.22,3,2,3,2,14,3.0,43,On Time,8.7,Normal,Avoid Scooter
783,5.41,0,0,2,2,17,6.0,38,Fast,12.2,Normal,Use Bike
700,9.88,2,2,2,1,7,0.0,43,On Time,5.7,Normal,Standard Route
476,19.86,2,0,1,0,12,8.0,71,Delayed,10.9,ALERT,Use Bike
682,5.53,4,0,2,0,23,4.0,59,On Time,8.1,Normal,Use Bike
511,12.46,1,1,0,0,10,1.0,62,Delayed,4.8,Normal,Standard Route
59,1.38,0,2,2,1,6,3.0,17,Fast,11.3,Normal,Standard Route
475,10.79,0,2,1,2,24,1.0,65,Delayed,4.5,Normal,Standard Route
561,14.23,0,2,0,2,23,7.0,70,Delayed,10.0,Normal,Standard Route
857,1.21,3,1,0,0,22,1.0,39,Fast,7.1,Normal,Avoid Scooter
748,11.1,0,1,0,0,18,7.0,56,On Time,11.4,Normal,Standard Route
253,17.1,0,2,1,0,25,5.0,65,Delayed,8.5,Normal,Standard Route
22,3.22,0,2,0,0,19,9.0,32,Fast,15.8,Normal,Standard Route
314,19.27,1,2,2,1,29,9.0,85,Delayed,10.5,ALERT,Standard Route
460,2.82,2,2,1,2,10,1.0,29,Fast,8.1,Normal,Standard Route
161,7.67,1,2,0,2,22,8.0,59,On Time,12.1,Normal,Standard Route
277,16.07,0,2,1,0,16,5.0,64,Delayed,8.6,Normal,Standard Route
956,7.97,4,2,1,2,9,8.0,35,Fast,14.5,Normal,Standard Route
192,18.0,2,0,3,1,22,8.0,98,Delayed,8.2,ALERT,Use Bike
386,16.17,0,2,1,2,12,2.0,78,Delayed,4.2,ALERT,Standard Route
806,14.86,0,0,3,2,15,4.0,91,Delayed,4.9,ALERT,Use Bike
414,11.68,0,0,0,2,25,7.0,70,Delayed,10.0,Normal,Use Bike
492,12.59,0,1,1,2,10,2.0,39,Fast,8.1,Normal,Standard Route
344,8.96,3,1,2,1,6,5.0,51,On Time,9.9,Normal,Avoid Scooter
770,16.51,0,2,2,0,7,1.0,79,Delayed,3.0999999999999996,ALERT,Standard Route
309,16.01,0,1,0,1,12,4.0,72,Delayed,6.8,ALERT,Standard Route
662,19.74,2,0,0,2,11,7.0,81,Delayed,8.9,ALERT,Use Bike
131,8.64,3,1,1,0,29,4.0,62,Delayed,7.8,Normal,Avoid Scooter
664,5.13,0,2,2,1,16,1.0,38,Fast,7.2,Normal,Standard Route
872,5.78,0,0,2,0,11,5.0,38,Fast,11.2,Normal,Use Bike
100,2.6,0,1,0,0,16,1.0,29,Fast,8.1,Normal,Standard Route
373,2.34,1,2,2,0,8,2.0,28,Fast,9.2,Normal,Standard Route
88,12.93,0,2,2,2,20,8.0,58,On Time,12.2,Normal,Standard Route
459,1.6,0,2,1,0,14,8.0,24,Fast,15.6,Normal,Standard Route
331,7.44,2,1,1,0,27,8.0,53,On Time,12.7,Normal,Standard Route
215,14.39,2,2,2,2,6,8.0,50,On Time,13.0,Normal,Standard Route
467,6.07,2,1,0,0,18,4.0,35,Fast,10.5,Normal,Standard Route
122,17.97,4,2,2,2,28,7.0,92,Delayed,7.800000000000001,ALERT,Standard Route
615,17.53,0,1,0,0,14,6.0,79,Delayed,8.1,ALERT,Standard Route
21,12.43,2,0,2,0,13,6.0,70,Delayed,9.0,Normal,Use Bike
701,10.89,4,2,1,0,7,0.0,58,On Time,4.2,Normal,Standard Route
72,4.37,0,2,1,2,6,7.0,25,Fast,14.5,Normal,Standard Route
107,8.5,0,0,1,1,13,3.0,54,On Time,7.6,Normal,Use Bike
271,16.28,2,1,2,2,8,9.0,71,Delayed,11.9,ALERT,Standard Route
861,15.62,3,0,1,2,26,2.0,81,Delayed,3.9000000000000004,ALERT,Use Bike
436,14.17,0,1,0,0,8,0.0,55,On Time,4.5,Normal,Standard Route
103,6.63,1,1,3,2,24,3.0,58,On Time,7.2,Normal,Standard Route
